<com.haulmont.cuba.security.entity.SearchFolder serialization="custom">
  <com.haulmont.cuba.core.entity.BaseGenericIdEntity>
    <default>
      <____detached>true</____detached>
      <____new>false</____new>
      <____removed>false</____removed>
    </default>
  </com.haulmont.cuba.core.entity.BaseGenericIdEntity>
  <com.haulmont.cuba.core.entity.BaseUuidEntity>
    <default>
      <id>06ebd09d-5ae5-7de7-641a-1bfd1e9e2a8a</id>
    </default>
  </com.haulmont.cuba.core.entity.BaseUuidEntity>
  <com.haulmont.cuba.core.entity.StandardEntity>
    <default>
      <createTs>2018-12-03 11:42:38.625 UTC</createTs>
      <createdBy>admin</createdBy>
      <updateTs>2018-12-03 11:49:31.620 UTC</updateTs>
      <updatedBy>a</updatedBy>
      <version>5</version>
    </default>
  </com.haulmont.cuba.core.entity.StandardEntity>
  <com.haulmont.cuba.core.entity.Folder>
    <default>
      <__persistence__parent__vh class="org.eclipse.persistence.internal.indirection.UnitOfWorkQueryValueHolder">
        <isInstantiated>true</isInstantiated>
        <isCoordinatedWithProperty>false</isCoordinatedWithProperty>
        <sourceAttributeName>parent</sourceAttributeName>
      </__persistence__parent__vh>
      <name>Мои документы</name>
      <tabName>Мои документы</tabName>
    </default>
  </com.haulmont.cuba.core.entity.Folder>
  <com.haulmont.cuba.core.entity.AbstractSearchFolder>
    <default>
      <applyDefault>true</applyDefault>
      <filterComponentId>[example$OutgoingDocuments.browse].filter</filterComponentId>
      <filterXml>&lt;?xml version=&quot;1.0&quot; encoding=&quot;UTF-8&quot;?&gt;

&lt;filter&gt;
  &lt;and&gt;
    &lt;c name=&quot;dmzXkNUvlR&quot; unary=&quot;true&quot; hidden=&quot;true&quot; required=&quot;true&quot; width=&quot;1&quot; type=&quot;CUSTOM&quot; locCaption=&quot;Мои документы&quot; entityAlias=&quot;e&quot;&gt;&lt;![CDATA[{E}.author.id = :session$userId]]&gt;
      &lt;param name=&quot;component$filter.dmzXkNUvlR26973&quot; javaClass=&quot;java.lang.Boolean&quot;&gt;true&lt;/param&gt;
    &lt;/c&gt;
  &lt;/and&gt;
&lt;/filter&gt;
</filterXml>
    </default>
  </com.haulmont.cuba.core.entity.AbstractSearchFolder>
  <com.haulmont.cuba.security.entity.SearchFolder>
    <default>
      <__persistence__presentation__vh class="org.eclipse.persistence.internal.indirection.UnitOfWorkQueryValueHolder">
        <isInstantiated>true</isInstantiated>
        <isCoordinatedWithProperty>false</isCoordinatedWithProperty>
        <sourceAttributeName>presentation</sourceAttributeName>
      </__persistence__presentation__vh>
      <__persistence__user__vh class="org.eclipse.persistence.internal.indirection.UnitOfWorkQueryValueHolder">
        <isInstantiated>true</isInstantiated>
        <isCoordinatedWithProperty>false</isCoordinatedWithProperty>
        <sourceAttributeName>user</sourceAttributeName>
      </__persistence__user__vh>
      <isSet>false</isSet>
    </default>
  </com.haulmont.cuba.security.entity.SearchFolder>
</com.haulmont.cuba.security.entity.SearchFolder>