<com.haulmont.cuba.core.entity.AppFolder serialization="custom">
  <com.haulmont.cuba.core.entity.BaseGenericIdEntity>
    <default>
      <____detached>true</____detached>
      <____new>false</____new>
      <____removed>false</____removed>
    </default>
  </com.haulmont.cuba.core.entity.BaseGenericIdEntity>
  <com.haulmont.cuba.core.entity.BaseUuidEntity>
    <default>
      <id>213335d9-bcfc-b7a2-ac45-dd994aff7ca8</id>
    </default>
  </com.haulmont.cuba.core.entity.BaseUuidEntity>
  <com.haulmont.cuba.core.entity.StandardEntity>
    <default>
      <createTs>2018-11-20 10:15:19.14 UTC</createTs>
      <createdBy>admin</createdBy>
      <updateTs>2018-11-21 12:22:01.651 UTC</updateTs>
      <updatedBy>admin</updatedBy>
      <version>2</version>
    </default>
  </com.haulmont.cuba.core.entity.StandardEntity>
  <com.haulmont.cuba.core.entity.Folder>
    <default>
      <__persistence__parent__vh class="org.eclipse.persistence.internal.indirection.UnitOfWorkQueryValueHolder">
        <isInstantiated>true</isInstantiated>
        <isCoordinatedWithProperty>false</isCoordinatedWithProperty>
        <sourceAttributeName>parent</sourceAttributeName>
      </__persistence__parent__vh>
      <itemStyle>emphasized</itemStyle>
      <name>На регистрации</name>
      <tabName>На регистрации</tabName>
    </default>
  </com.haulmont.cuba.core.entity.Folder>
  <com.haulmont.cuba.core.entity.AbstractSearchFolder>
    <default>
      <applyDefault>true</applyDefault>
      <filterComponentId>[example$OutgoingDocuments.browse].filter</filterComponentId>
      <filterXml>&lt;?xml version=&quot;1.0&quot; encoding=&quot;UTF-8&quot;?&gt;

&lt;filter&gt;
  &lt;and&gt;
    &lt;c name=&quot;uBGljLJfqf&quot; unary=&quot;true&quot; width=&quot;1&quot; type=&quot;CUSTOM&quot; locCaption=&quot;On registration&quot; entityAlias=&quot;e&quot;&gt;&lt;![CDATA[{E}.state = &apos;On registration&apos; and i.entity.entityId = {E}.id and user.login = :session$userLogin and p.endDate IS NULL]]&gt;
      &lt;param name=&quot;component$filter.uBGljLJfqf76881&quot; javaClass=&quot;java.lang.Boolean&quot;&gt;true&lt;/param&gt;
      &lt;join&gt;&lt;![CDATA[left join bpm$ProcTask p
left join p.procActor actor
left join actor.user user
left join p.procInstance i]]&gt;&lt;/join&gt;
    &lt;/c&gt;
  &lt;/and&gt;
&lt;/filter&gt;
</filterXml>
    </default>
  </com.haulmont.cuba.core.entity.AbstractSearchFolder>
  <com.haulmont.cuba.core.entity.AppFolder>
    <default>
      <quantity>1</quantity>
      <quantityScript>def userId = userSession.getUser().getId()&#xd;
def em = persistence.getEntityManager()&#xd;
def q = em.createQuery(&apos;select &apos;+&#xd;
&apos;count(o) from example$OutgoingDocuments o &apos; +&#xd;
&apos;left join bpm$ProcTask p &apos; +&#xd;
&apos;left join p.procActor actor &apos; +&#xd;
&apos;left join actor.user user &apos; +&#xd;
&apos;left join p.procInstance i &apos; +&#xd;
&apos;where o.state = \&apos;On registration\&apos; and i.entity.entityId = o.id and user.id = :userId and p.endDate IS NULL&apos;).setParameter(&apos;userId&apos;, userId)&#xd;
def count = q.getSingleResult()&#xd;
style = count &gt; 0 ? &apos;emphasized&apos; : null&#xd;
return count</quantityScript>
      <visibilityScript></visibilityScript>
    </default>
  </com.haulmont.cuba.core.entity.AppFolder>
</com.haulmont.cuba.core.entity.AppFolder>